{
  "/color-blue": {"value": 0},
  "/hora": {"text": "0"},
  "/speed": {
    "min": 1,
    "max": 20,
    "value": 9.300000190734863
  },
  "/color-red": {"value": 230},
  "/infoTexto": {
    "stringValue": "* Press enter when finish to typewrite in timebox",
    "value": 0
  },
  "/NumPuntos": {
    "min": 1,
    "max": 20,
    "value": 6
  },
  "/blend": {"value": 255},
  "/X": {
    "min": -1280,
    "max": 1280,
    "value": -530.7317504882812
  },
  "/Y": {
    "min": -768,
    "max": 768,
    "value": -269.8378601074219
  },
  "/Z": {"value": 351},
  "/minuto": {"text": "0"},
  "/secondTexto": {
    "stringValue": "15",
    "value": 0
  },
  "/hourTexto": {
    "stringValue": "",
    "value": 0
  },
  "/sonidoExtremos": {"value": 1},
  "/color-green": {"value": 128},
  "/Distancia": {
    "min": 20,
    "max": 400,
    "value": 160
  },
  "/segundo": {"text": "15"},
  "/minuteTexto": {
    "stringValue": "0",
    "value": 0
  },
  "/sonidoPuntos": {"value": 0},
  "/movimiento": {"value": 1},
  "/state": {"value": 0}
}