{
  "/color-blue": {"value": 159},
  "/hora": {"text": "0\u0000"},
  "/speed": {
    "min": 1,
    "max": 20,
    "value": 20
  },
  "/color-red": {"value": 1},
  "/infoTexto": {
    "stringValue": "* Press enter when finish to typewrite in timebox",
    "value": 0
  },
  "/NumPuntos": {
    "min": 1,
    "max": 20,
    "value": 3
  },
  "/blend": {"value": 155.4836883544922},
  "/X": {
    "min": -1280,
    "max": 1280,
    "value": 156.0975341796875
  },
  "/Y": {
    "min": -768,
    "max": 768,
    "value": 62.270263671875
  },
  "/Z": {"value": 360},
  "/minuto": {"text": "0"},
  "/secondTexto": {
    "stringValue": "30",
    "value": 0
  },
  "/hourTexto": {
    "stringValue": "",
    "value": 0
  },
  "/sonidoExtremos": {"value": 0},
  "/color-green": {"value": 219},
  "/Distancia": {
    "min": 20,
    "max": 400,
    "value": 180
  },
  "/segundo": {"text": "30"},
  "/minuteTexto": {
    "stringValue": "0",
    "value": 0
  },
  "/sonidoPuntos": {"value": 1},
  "/movimiento": {"value": 1},
  "/state": {"value": 0}
}