{
  "/color-blue": {"value": 255},
  "/hora": {"text": "0"},
  "/speed": {
    "min": 1,
    "max": 20,
    "value": 18.700000762939453
  },
  "/color-red": {"value": 255},
  "/infoTexto": {
    "stringValue": "* Press enter when finish to typewrite in timebox",
    "value": 0
  },
  "/NumPuntos": {
    "min": 1,
    "max": 20,
    "value": 3
  },
  "/blend": {"value": 119.11273193359375},
  "/X": {
    "min": -1280,
    "max": 1280,
    "value": -405.8536376953125
  },
  "/Y": {
    "min": -768,
    "max": 768,
    "value": 62.270263671875
  },
  "/Z": {"value": 347.4000244140625},
  "/minuto": {"text": "0"},
  "/secondTexto": {
    "stringValue": "10",
    "value": 0
  },
  "/hourTexto": {
    "stringValue": "",
    "value": 0
  },
  "/sonidoExtremos": {"value": 0},
  "/color-green": {"value": 0},
  "/Distancia": {
    "min": 20,
    "max": 400,
    "value": 380
  },
  "/segundo": {"text": "10"},
  "/minuteTexto": {
    "stringValue": "0",
    "value": 0
  },
  "/sonidoPuntos": {"value": 1},
  "/movimiento": {"value": 1},
  "/state": {"value": 0}
}